{
  "n_estimators": 250,
  "max_depth": 3,
  "learning_rate": 0.01865581810906516,
  "min_child_weight": 5.037587506390354,
  "gamma": 2.8588853399972236,
  "subsample": 0.817548625872557,
  "colsample_bytree": 0.715011347147189,
  "reg_alpha": 0.030060932599674746,
  "reg_lambda": 1.0878877021131612
}